latitude,longitude,bright_ti4,scan,track,acq_date,acq_time,satellite,instrument,confidence,version,bright_ti5,frp,daynight,type
-14.30603,26.13428,349.2,0.48,0.4,2025-07-03,1205,N,VIIRS,n,2,308.39,44.46,D,0
-14.306,26.15695,332.91,0.48,0.4,2025-07-03,1205,N,VIIRS,n,2,301.14,5.87,D,0
-14.30531,26.11606,333.66,0.47,0.4,2025-07-03,1205,N,VIIRS,n,2,304.72,8.3,D,0
-14.30529,26.13868,344.65,0.48,0.4,2025-07-03,1205,N,VIIRS,n,2,302.89,7.45,D,0
-14.30457,26.12045,334.93,0.47,0.4,2025-07-03,1205,N,VIIRS,n,2,307.86,36.31,D,0
-14.30378,26.17019,348.87,0.48,0.4,2025-07-03,1205,N,VIIRS,n,2,307.32,17.36,D,0
-14.30238,26.11103,334.17,0.47,0.4,2025-07-03,1205,N,VIIRS,l,2,305.06,12.3,D,0
-14.30236,26.13364,349.05,0.48,0.4,2025-07-03,1205,N,VIIRS,n,2,300.62,44.46,D,0
-14.30162,26.13804,333.46,0.48,0.4,2025-07-03,1205,N,VIIRS,n,2,299.44,7.45,D,0
-14.29946,26.106,344.19,0.47,0.4,2025-07-03,1205,N,VIIRS,n,2,307.88,28.91,D,0
-14.29872,26.11039,334.38,0.47,0.4,2025-07-03,1205,N,VIIRS,n,2,301.8,12.3,D,0
-14.29361,26.09594,342.71,0.47,0.4,2025-07-03,1205,N,VIIRS,n,2,313.24,28.27,D,0
-14.29287,26.10033,337.06,0.47,0.4,2025-07-03,1205,N,VIIRS,n,2,305.99,27.42,D,0
-14.28995,26.0953,346.52,0.47,0.4,2025-07-03,1205,N,VIIRS,n,2,307.7,38.98,D,0
-14.28509,26.2815,332.1,0.48,0.4,2025-07-03,1205,N,VIIRS,n,2,300.4,2.55,D,0
-14.28412,26.08523,344.44,0.47,0.4,2025-07-03,1205,N,VIIRS,n,2,303.82,10.84,D,0
-14.26038,26.07379,338.42,0.47,0.4,2025-07-03,1205,N,VIIRS,n,2,302.23,3.85,D,0
-14.25926,26.07633,332.04,0.47,0.4,2025-07-03,1205,N,VIIRS,n,2,300.94,2.94,D,0
-14.23262,26.15052,336.5,0.48,0.4,2025-07-03,1205,N,VIIRS,n,2,298.16,3.58,D,0
-14.22895,26.24137,352.8,0.48,0.4,2025-07-03,1205,N,VIIRS,n,2,303.93,13.69,D,0
-14.22762,26.23918,341.28,0.48,0.4,2025-07-03,1205,N,VIIRS,n,2,304.53,12.61,D,0
-14.22685,26.24365,336.06,0.48,0.4,2025-07-03,1205,N,VIIRS,n,2,291,8.57,D,0
-14.226,26.23624,350.14,0.48,0.4,2025-07-03,1205,N,VIIRS,n,2,304.26,9.45,D,0
-14.22526,26.24072,347.31,0.48,0.4,2025-07-03,1205,N,VIIRS,n,2,295.85,9.45,D,0
-14.22469,26.23407,337.61,0.48,0.4,2025-07-03,1205,N,VIIRS,n,2,302.9,12.61,D,0
-14.22363,26.2846,340.46,0.48,0.4,2025-07-03,1205,N,VIIRS,n,2,296.48,4.29,D,0
-14.22286,26.28909,351.73,0.48,0.4,2025-07-03,1205,N,VIIRS,n,2,301.05,7.58,D,0
-14.22226,26.28174,341.54,0.48,0.4,2025-07-03,1205,N,VIIRS,n,2,298.84,20.22,D,0
-14.22208,26.29358,336.12,0.48,0.4,2025-07-03,1205,N,VIIRS,n,2,300.47,7.58,D,0
-14.22152,26.28624,349.97,0.48,0.4,2025-07-03,1205,N,VIIRS,n,2,306.95,20.22,D,0
-14.22078,26.29073,334.23,0.48,0.4,2025-07-03,1205,N,VIIRS,n,2,300.68,9.5,D,0
-14.2207,26.27946,337.14,0.48,0.4,2025-07-03,1205,N,VIIRS,n,2,298.85,32.21,D,0
-14.22003,26.29523,335.48,0.49,0.4,2025-07-03,1205,N,VIIRS,n,2,300.74,9.5,D,0
-14.21993,26.28395,343.48,0.48,0.4,2025-07-03,1205,N,VIIRS,n,2,305.03,32.21,D,0
-14.21939,26.16186,338.69,0.48,0.4,2025-07-03,1205,N,VIIRS,n,2,298.19,3.92,D,0
-14.21856,26.28109,352.18,0.48,0.4,2025-07-03,1205,N,VIIRS,n,2,303.57,41.4,D,0
-14.21839,26.29292,338.81,0.48,0.4,2025-07-03,1205,N,VIIRS,n,2,298.27,31.75,D,0
-14.21782,26.28558,341.01,0.48,0.4,2025-07-03,1205,N,VIIRS,n,2,304.65,41.4,D,0
-14.21572,26.1612,332.94,0.48,0.4,2025-07-03,1205,N,VIIRS,n,2,299.62,3.34,D,0
-14.21546,26.28777,348.37,0.48,0.4,2025-07-03,1205,N,VIIRS,n,2,287.91,31.75,D,0
-14.19518,26.12568,345.07,0.48,0.4,2025-07-03,1205,N,VIIRS,n,2,306.58,26.96,D,0
-14.19444,26.13008,346.81,0.48,0.4,2025-07-03,1205,N,VIIRS,n,2,302.92,8.33,D,0
-14.19151,26.12504,339.52,0.48,0.4,2025-07-03,1205,N,VIIRS,n,2,300.62,8.11,D,0