latitude,longitude,brightness,scan,track,acq_date,acq_time,satellite,instrument,confidence,version,bright_t31,frp,daynight,type
-12.7594,25.8289,301.8,1.4,1.2,2025-07-11,715,Terra,MODIS,49,61.03,290.6,5.9,D,0
-12.4142,25.7843,308.6,1.4,1.2,2025-07-11,715,Terra,MODIS,67,61.03,289.3,13.2,D,0
-13.2859,27.2531,306.3,3.2,1.7,2025-07-11,1338,Aqua,MODIS,28,61.03,295.5,20.6,D,0
-13.2805,27.2822,310.3,3.3,1.7,2025-07-11,1338,Aqua,MODIS,61,61.03,296.6,34.5,D,0
-13.1804,25.5024,307.7,2.4,1.5,2025-07-11,1338,Aqua,MODIS,56,61.03,296.5,16,D,0
-13.0888,25.6397,316.9,2.4,1.5,2025-07-11,1338,Aqua,MODIS,74,61.03,295.2,46.5,D,0
-13.0785,25.6304,309.4,2.4,1.5,2025-07-11,1338,Aqua,MODIS,24,61.03,294.9,21.6,D,0
-13.0572,26.6456,316.9,2.9,1.6,2025-07-11,1338,Aqua,MODIS,74,61.03,296.2,58.9,D,0
-12.9949,26.9099,309.7,3.1,1.7,2025-07-11,1338,Aqua,MODIS,63,61.03,296.3,32.5,D,0
-12.9918,26.3389,310.6,2.8,1.6,2025-07-11,1338,Aqua,MODIS,64,61.03,295.7,33.4,D,0
-12.926,27.4621,310.6,3.4,1.7,2025-07-11,1338,Aqua,MODIS,65,61.03,298.6,40.5,D,0
-12.9609,25.4709,315.6,2.4,1.5,2025-07-11,1339,Aqua,MODIS,72,61.03,296,38.8,D,0
-12.9572,25.4921,306.9,2.4,1.5,2025-07-11,1339,Aqua,MODIS,54,61.03,295.9,15.2,D,0
-12.9401,25.6673,316.5,2.5,1.5,2025-07-11,1339,Aqua,MODIS,74,61.03,295.6,46.2,D,0
-12.7873,26.006,307.3,2.7,1.6,2025-07-11,1339,Aqua,MODIS,57,61.03,296,21.3,D,0
-12.7668,25.7609,310.9,2.5,1.5,2025-07-11,1339,Aqua,MODIS,66,61.03,297.2,29.1,D,0
-12.6521,25.4169,305.5,2.4,1.5,2025-07-11,1339,Aqua,MODIS,51,61.03,295.5,15.5,D,0
-12.6095,25.655,311.3,2.5,1.5,2025-07-11,1339,Aqua,MODIS,67,61.03,295.7,27.9,D,0
-12.6018,25.6485,309,2.5,1.5,2025-07-11,1339,Aqua,MODIS,63,61.03,295.3,22.8,D,0
-12.5139,25.9138,308.5,2.6,1.6,2025-07-11,1339,Aqua,MODIS,47,61.03,296.4,18,D,0
-12.4868,25.9084,310.7,2.6,1.6,2025-07-11,1339,Aqua,MODIS,42,61.03,298.4,22.4,D,0
-12.4792,25.8995,310.5,2.6,1.6,2025-07-11,1339,Aqua,MODIS,52,61.03,299,22.3,D,0
-12.4752,25.9231,315.7,2.7,1.6,2025-07-11,1339,Aqua,MODIS,70,61.03,297.8,40.4,D,0
-12.4646,25.4525,308.7,2.4,1.5,2025-07-11,1339,Aqua,MODIS,61,61.03,295.6,22.9,D,0
-12.4602,25.4568,307.3,2.4,1.5,2025-07-11,1339,Aqua,MODIS,58,61.03,295.8,18.9,D,0
-12.4465,27.4013,313.7,3.5,1.8,2025-07-11,1339,Aqua,MODIS,71,61.03,296.1,58.4,D,0
-12.4384,25.892,308.5,2.6,1.6,2025-07-11,1339,Aqua,MODIS,49,61.03,296.7,19,D,0
-12.4289,25.7432,319.5,2.6,1.5,2025-07-11,1339,Aqua,MODIS,77,61.03,295.7,52.4,D,0
-12.4262,25.7242,305.6,2.6,1.5,2025-07-11,1339,Aqua,MODIS,47,61.03,295.3,14.4,D,0
-12.4222,25.7468,313,2.6,1.5,2025-07-11,1339,Aqua,MODIS,70,61.03,295.1,34.4,D,0
-12.3766,27.1017,318.6,3.3,1.7,2025-07-11,1339,Aqua,MODIS,77,61.03,295.7,76.3,D,0
-12.3752,26.5271,313.3,3,1.6,2025-07-11,1339,Aqua,MODIS,62,61.03,296.3,41,D,0
-12.3712,27.131,322.2,3.3,1.7,2025-07-11,1339,Aqua,MODIS,80,61.03,296.5,94.9,D,0
-12.3703,26.5538,321.3,3,1.6,2025-07-11,1339,Aqua,MODIS,79,61.03,298.5,75.7,D,0
-12.3673,26.5457,324.3,3,1.6,2025-07-11,1339,Aqua,MODIS,81,61.03,298,90.8,D,0
-12.3587,25.5912,307.7,2.5,1.5,2025-07-11,1339,Aqua,MODIS,59,61.03,296,18.5,D,0
-12.2851,27.1023,315.2,3.3,1.7,2025-07-11,1339,Aqua,MODIS,73,61.03,294.7,61.4,D,0
-12.2842,27.1097,314.1,3.3,1.7,2025-07-11,1339,Aqua,MODIS,71,61.03,294.8,58.3,D,0
-12.2817,26.4465,314.3,2.9,1.6,2025-07-11,1339,Aqua,MODIS,71,61.03,295.8,45.5,D,0
-12.2799,26.4412,311.9,2.9,1.6,2025-07-11,1339,Aqua,MODIS,68,61.03,295.8,34.8,D,0
-12.2756,26.0951,310.6,2.8,1.6,2025-07-11,1339,Aqua,MODIS,65,61.03,294.4,31.4,D,0
-12.2675,26.1016,307.8,2.8,1.6,2025-07-11,1339,Aqua,MODIS,59,61.03,294.7,23.6,D,0
-12.2289,27.411,312.6,3.5,1.8,2025-07-11,1339,Aqua,MODIS,56,61.03,294.4,48.7,D,0
-12.2266,27.4349,324.3,3.5,1.8,2025-07-11,1339,Aqua,MODIS,57,61.03,294.6,109.4,D,0
-12.2232,27.4419,321.6,3.5,1.8,2025-07-11,1339,Aqua,MODIS,79,61.03,294.6,99.1,D,0
-12.2016,25.4353,307.5,2.5,1.5,2025-07-11,1339,Aqua,MODIS,22,61.03,296,15,D,0
-12.2014,27.398,315.7,3.5,1.8,2025-07-11,1339,Aqua,MODIS,46,61.03,295.1,62.3,D,0
-12.1982,27.4052,319.2,3.5,1.8,2025-07-11,1339,Aqua,MODIS,55,61.03,295.3,81.6,D,0
-13.156,25.4754,306.1,2.1,1.4,2025-07-12,754,Terra,MODIS,62,61.03,294,15.8,D,0
-12.6764,25.6272,307.5,2.1,1.4,2025-07-12,754,Terra,MODIS,65,61.03,291.5,22.8,D,0
-13.3134,26.7246,320.7,2.4,1.5,2025-07-12,1239,Aqua,MODIS,77,61.03,298.4,56.6,D,0
-13.3037,27.35,316.6,2.2,1.4,2025-07-12,1239,Aqua,MODIS,58,61.03,297.8,28.7,D,0
-13.3026,27.3449,313.9,2.2,1.4,2025-07-12,1239,Aqua,MODIS,69,61.03,297.8,25.1,D,0
-13.3002,27.3641,315,2.1,1.4,2025-07-12,1239,Aqua,MODIS,71,61.03,298.1,27.9,D,0
-13.2925,27.324,340.6,2.2,1.4,2025-07-12,1239,Aqua,MODIS,91,61.03,300.2,121.9,D,0
-13.2901,27.3433,327.9,2.2,1.4,2025-07-12,1239,Aqua,MODIS,84,61.03,299.4,65.7,D,0
-13.2479,27.0499,310.4,2.3,1.5,2025-07-12,1239,Aqua,MODIS,63,61.03,299.2,21.9,D,0
-13.0927,26.935,309.2,2.3,1.5,2025-07-12,1239,Aqua,MODIS,59,61.03,298.7,17.6,D,0
-13.0919,26.9418,311.3,2.3,1.5,2025-07-12,1239,Aqua,MODIS,56,61.03,298.8,21.2,D,0
-13.0823,26.9128,311.1,2.3,1.5,2025-07-12,1239,Aqua,MODIS,63,61.03,298.3,22.3,D,0
-13.0317,27.2128,312.4,2.2,1.4,2025-07-12,1239,Aqua,MODIS,66,61.03,298.1,24.5,D,0
-13.0292,27.2322,311,2.2,1.4,2025-07-12,1239,Aqua,MODIS,64,61.03,298.2,20.3,D,0
-12.9467,27.2809,313.2,2.2,1.4,2025-07-12,1239,Aqua,MODIS,65,61.03,298.2,22.1,D,0
-12.9444,27.3001,323,2.1,1.4,2025-07-12,1239,Aqua,MODIS,80,61.03,298.8,49.1,D,0
-12.9432,27.2949,326.4,2.1,1.4,2025-07-12,1239,Aqua,MODIS,82,61.03,299.1,61.2,D,0
-12.9355,27.255,326.6,2.2,1.4,2025-07-12,1239,Aqua,MODIS,83,61.03,298.6,63.8,D,0
-12.9331,27.2743,312.6,2.2,1.4,2025-07-12,1239,Aqua,MODIS,67,61.03,300.3,21.9,D,0
-12.9239,27.4707,313.5,2.1,1.4,2025-07-12,1239,Aqua,MODIS,60,61.03,303.1,20.5,D,0
-12.9215,27.4653,315.3,2.1,1.4,2025-07-12,1239,Aqua,MODIS,71,61.03,303.2,27,D,0
-12.709,27.5006,327.2,2.1,1.4,2025-07-12,1239,Aqua,MODIS,83,61.03,299.5,58.5,D,0
-12.699,27.4808,308.9,2.1,1.4,2025-07-12,1239,Aqua,MODIS,55,61.03,297.7,13.8,D,0
-12.6967,27.4989,323.7,2.1,1.4,2025-07-12,1239,Aqua,MODIS,80,61.03,299,51,D,0
-12.8938,25.3859,316.6,3,1.7,2025-07-12,1240,Aqua,MODIS,55,61.03,297,60.6,D,0
-12.892,25.3785,321.1,3,1.7,2025-07-12,1240,Aqua,MODIS,78,61.03,296.8,79.3,D,0
-12.7623,25.8632,313.8,2.8,1.6,2025-07-12,1240,Aqua,MODIS,70,61.03,296.6,41.6,D,0
-12.7577,25.8579,309.6,2.8,1.6,2025-07-12,1240,Aqua,MODIS,63,61.03,296.5,27.7,D,0
-12.6969,26.2379,311.6,2.6,1.5,2025-07-12,1240,Aqua,MODIS,67,61.03,296.8,33.5,D,0
-12.61,25.7309,312.1,2.8,1.6,2025-07-12,1240,Aqua,MODIS,68,61.03,295.5,38.1,D,0
-12.5735,25.8733,310,2.8,1.6,2025-07-12,1240,Aqua,MODIS,64,61.03,297,26.7,D,0
-12.5645,25.8771,308.4,2.8,1.6,2025-07-12,1240,Aqua,MODIS,59,61.03,296.6,20.7,D,0
-12.4966,25.98,308.6,2.7,1.6,2025-07-12,1240,Aqua,MODIS,53,61.03,297.5,20.9,D,0
-12.4767,27.2627,310.5,2.1,1.4,2025-07-12,1240,Aqua,MODIS,64,61.03,296.3,21.3,D,0
-12.3971,25.9388,309.9,2.7,1.6,2025-07-12,1240,Aqua,MODIS,22,61.03,298.2,22.3,D,0
-12.3952,27.3093,314.8,2.1,1.4,2025-07-12,1240,Aqua,MODIS,37,61.03,299.8,24.8,D,0
-12.3941,25.9625,310.7,2.7,1.6,2025-07-12,1240,Aqua,MODIS,45,61.03,296.8,25.5,D,0
-12.3931,27.3041,313.7,2.1,1.4,2025-07-12,1240,Aqua,MODIS,66,61.03,299.6,23.9,D,0
-12.393,27.3281,313.6,2.1,1.4,2025-07-12,1240,Aqua,MODIS,22,61.03,300.8,20.7,D,0
-12.3907,27.3228,318.9,2.1,1.4,2025-07-12,1240,Aqua,MODIS,76,61.03,300.6,36.3,D,0
-12.3888,25.9429,314.9,2.7,1.6,2025-07-12,1240,Aqua,MODIS,56,61.03,298.2,38.2,D,0
-12.3743,26.5185,319,2.4,1.5,2025-07-12,1240,Aqua,MODIS,76,61.03,298.2,48.1,D,0
-12.3717,26.5396,314.6,2.4,1.5,2025-07-12,1240,Aqua,MODIS,66,61.03,301.9,32,D,0
-12.3663,26.6899,312.6,2.3,1.5,2025-07-12,1240,Aqua,MODIS,68,61.03,296.9,27.3,D,0
-12.3636,26.7109,326,2.3,1.5,2025-07-12,1240,Aqua,MODIS,82,61.03,298.7,71.5,D,0
-12.3533,26.6881,341.5,2.3,1.5,2025-07-12,1240,Aqua,MODIS,92,61.03,299.5,145.6,D,0
-12.3506,26.7092,334.3,2.3,1.5,2025-07-12,1240,Aqua,MODIS,88,61.03,298.4,106.3,D,0
-12.3404,27.0973,318.8,2.2,1.4,2025-07-12,1240,Aqua,MODIS,76,61.03,299,36.4,D,0
-12.3403,26.9979,307.9,2.2,1.4,2025-07-12,1240,Aqua,MODIS,48,61.03,297.5,14.1,D,0
-12.3396,27.1236,324.2,2.2,1.4,2025-07-12,1240,Aqua,MODIS,81,61.03,300.3,48.1,D,0
-12.3379,27.1166,322.3,2.2,1.4,2025-07-12,1240,Aqua,MODIS,79,61.03,299.5,45,D,0
-12.3373,27.1428,316.3,2.2,1.4,2025-07-12,1240,Aqua,MODIS,49,61.03,303.1,24.9,D,0
-12.3354,27.1358,325.2,2.2,1.4,2025-07-12,1240,Aqua,MODIS,82,61.03,303,52.6,D,0
-12.3327,26.9561,310.8,2.2,1.4,2025-07-12,1240,Aqua,MODIS,64,61.03,295.9,20.9,D,0
-12.3302,26.9761,336.7,2.2,1.4,2025-07-12,1240,Aqua,MODIS,89,61.03,298.2,111.6,D,0
-12.3294,27.1027,377.2,2.2,1.4,2025-07-12,1240,Aqua,MODIS,100,61.03,303.1,421.9,D,0
-12.3278,27.0957,360.6,2.2,1.4,2025-07-12,1240,Aqua,MODIS,100,61.03,301.7,255.2,D,0
-12.3276,26.9961,327.2,2.2,1.4,2025-07-12,1240,Aqua,MODIS,83,61.03,298.5,68.7,D,0
-12.327,27.122,337.5,2.2,1.4,2025-07-12,1240,Aqua,MODIS,90,61.03,301.1,97.7,D,0
-12.3268,25.5757,319.1,2.9,1.6,2025-07-12,1240,Aqua,MODIS,76,61.03,296.7,62.8,D,0
-12.3253,27.115,357.8,2.2,1.4,2025-07-12,1240,Aqua,MODIS,99,61.03,301.6,230.6,D,0
-12.3227,25.5686,316.1,2.9,1.6,2025-07-12,1240,Aqua,MODIS,73,61.03,296.4,52.8,D,0
-12.3183,25.9469,319,2.7,1.6,2025-07-12,1240,Aqua,MODIS,76,61.03,298,55.7,D,0
-12.3142,26.593,320.7,2.4,1.5,2025-07-12,1240,Aqua,MODIS,77,61.03,297,50.6,D,0
-12.3115,26.6143,312.5,2.4,1.5,2025-07-12,1240,Aqua,MODIS,41,61.03,297.1,24.4,D,0
-12.3112,25.9528,319,2.7,1.6,2025-07-12,1240,Aqua,MODIS,76,61.03,297,56.1,D,0
-12.3112,26.5978,327.6,2.4,1.5,2025-07-12,1240,Aqua,MODIS,83,61.03,297.9,76.3,D,0
-12.2981,26.5963,315.8,2.4,1.5,2025-07-12,1240,Aqua,MODIS,52,61.03,297.7,34.1,D,0
-12.292,26.9716,306.8,2.2,1.4,2025-07-12,1240,Aqua,MODIS,33,61.03,296.3,11.4,D,0
-12.2794,26.9649,313.4,2.2,1.4,2025-07-12,1240,Aqua,MODIS,60,61.03,296.8,25.8,D,0
-12.2793,26.9701,315.1,2.2,1.4,2025-07-12,1240,Aqua,MODIS,71,61.03,296.8,31.8,D,0
-12.2741,26.2935,312.9,2.5,1.5,2025-07-12,1240,Aqua,MODIS,60,61.03,300.4,23.9,D,0
-12.2589,25.7409,310.8,2.8,1.6,2025-07-12,1240,Aqua,MODIS,64,61.03,297.2,30.3,D,0
-12.2547,27.0663,338.6,2.2,1.4,2025-07-12,1240,Aqua,MODIS,90,61.03,298.8,117.6,D,0
-12.2541,27.0611,324.5,2.2,1.4,2025-07-12,1240,Aqua,MODIS,81,61.03,297.9,58.3,D,0
-12.2523,27.0855,337,2.2,1.4,2025-07-12,1240,Aqua,MODIS,89,61.03,300.2,108.9,D,0
-12.2516,27.0803,347.3,2.2,1.4,2025-07-12,1240,Aqua,MODIS,94,61.03,300.5,165.3,D,0
-13.3137,27.3526,315.3,1.3,1.1,2025-07-13,1318,Aqua,MODIS,63,61.03,298.8,12.2,D,0
-13.3118,27.3646,332.2,1.3,1.1,2025-07-13,1318,Aqua,MODIS,86,61.03,298.5,40.9,D,0
-13.3056,27.339,313.1,1.3,1.1,2025-07-13,1318,Aqua,MODIS,48,61.03,301.3,8.2,D,0
-13.2799,25.9172,326.1,1.1,1.1,2025-07-13,1318,Aqua,MODIS,82,61.03,299.9,22.5,D,0
-13.2784,25.9272,319.3,1.1,1.1,2025-07-13,1318,Aqua,MODIS,75,61.03,298.9,13.6,D,0
-13.2707,25.9157,341.4,1.1,1.1,2025-07-13,1318,Aqua,MODIS,91,61.03,300.6,47.9,D,0
-13.2692,25.9256,335,1.1,1.1,2025-07-13,1318,Aqua,MODIS,88,61.03,299.9,35.8,D,0
-13.2671,25.5737,312.8,1.1,1,2025-07-13,1318,Aqua,MODIS,65,61.03,300.9,7.7,D,0
-13.1169,25.8985,310,1.1,1.1,2025-07-13,1318,Aqua,MODIS,53,61.03,298.7,5.7,D,0
-13.0352,25.9982,310.4,1.1,1.1,2025-07-13,1318,Aqua,MODIS,59,61.03,299.7,6.8,D,0
-13.0336,26.0083,310.2,1.1,1.1,2025-07-13,1318,Aqua,MODIS,58,61.03,298.7,6.8,D,0
-12.9948,25.485,329,1.1,1,2025-07-13,1318,Aqua,MODIS,84,61.03,300.5,26.1,D,0
-12.9555,27.4771,310.4,1.4,1.2,2025-07-13,1318,Aqua,MODIS,28,61.03,298.8,7.5,D,0
-12.953,27.4266,309.4,1.4,1.2,2025-07-13,1318,Aqua,MODIS,35,61.03,298.4,7.3,D,0
-12.9511,27.4388,310.5,1.4,1.2,2025-07-13,1318,Aqua,MODIS,46,61.03,298.3,8,D,0
-12.9453,27.4753,312.3,1.4,1.2,2025-07-13,1318,Aqua,MODIS,51,61.03,300.7,9.3,D,0
-12.9386,27.3869,311,1.4,1.2,2025-07-13,1318,Aqua,MODIS,62,61.03,298.7,9.2,D,0
-12.9366,27.399,308.2,1.4,1.2,2025-07-13,1318,Aqua,MODIS,24,61.03,298,5.6,D,0
-12.906,27.332,312.8,1.3,1.1,2025-07-13,1318,Aqua,MODIS,66,61.03,298.1,10.7,D,0
-12.8949,27.3358,308.4,1.3,1.2,2025-07-13,1318,Aqua,MODIS,23,61.03,297.8,5.7,D,0
-12.8486,26.4447,308.5,1.2,1.1,2025-07-13,1318,Aqua,MODIS,53,61.03,297,6.7,D,0
-12.8039,25.4028,316,1.1,1,2025-07-13,1318,Aqua,MODIS,72,61.03,299.2,11.2,D,0
-12.7224,27.3874,338.1,1.4,1.2,2025-07-13,1318,Aqua,MODIS,90,61.03,299.3,56.8,D,0
-12.7166,27.4874,317.3,1.4,1.2,2025-07-13,1318,Aqua,MODIS,73,61.03,299.3,16.5,D,0
-12.7142,27.3734,320.1,1.4,1.2,2025-07-13,1318,Aqua,MODIS,76,61.03,298.1,21.7,D,0
-12.7122,27.3857,332.7,1.4,1.2,2025-07-13,1318,Aqua,MODIS,86,61.03,297.8,44.9,D,0
-12.6882,27.4757,323,1.4,1.2,2025-07-13,1318,Aqua,MODIS,45,61.03,297.6,23.4,D,0
-12.6839,27.4947,336.7,1.4,1.2,2025-07-13,1318,Aqua,MODIS,89,61.03,299,51.1,D,0
-12.674,27.4989,326,1.4,1.2,2025-07-13,1318,Aqua,MODIS,60,61.03,297.5,29.6,D,0
-12.6588,25.6921,311.8,1.1,1,2025-07-13,1318,Aqua,MODIS,65,61.03,298.5,8.3,D,0
-12.6585,25.5715,319.4,1.1,1,2025-07-13,1318,Aqua,MODIS,56,61.03,298.8,13.8,D,0
-12.6372,25.5881,314.7,1.1,1,2025-07-13,1318,Aqua,MODIS,38,61.03,300.3,9.5,D,0
-12.6343,26.3204,309.4,1.2,1.1,2025-07-13,1318,Aqua,MODIS,58,61.03,298.2,6.7,D,0
-12.6342,25.6076,315.9,1.1,1,2025-07-13,1318,Aqua,MODIS,72,61.03,298.5,11.2,D,0
-12.6327,25.6174,326.8,1.1,1,2025-07-13,1318,Aqua,MODIS,83,61.03,299.1,24,D,0
-12.6066,25.9083,309.9,1.1,1.1,2025-07-13,1318,Aqua,MODIS,57,61.03,297.8,6.5,D,0
-12.596,27.4797,331.3,1.4,1.2,2025-07-13,1318,Aqua,MODIS,85,61.03,300.9,40.3,D,0
-12.594,27.4922,324.4,1.4,1.2,2025-07-13,1318,Aqua,MODIS,80,61.03,298.3,27.7,D,0
-12.5923,27.4847,352.4,1.4,1.2,2025-07-13,1318,Aqua,MODIS,97,61.03,301.2,99.8,D,0
-12.5858,27.478,317,1.4,1.2,2025-07-13,1318,Aqua,MODIS,37,61.03,300,14.4,D,0
-12.582,25.4632,331,1.1,1,2025-07-13,1318,Aqua,MODIS,85,61.03,300.4,29,D,0
-12.5805,25.4728,351.2,1.1,1,2025-07-13,1318,Aqua,MODIS,96,61.03,301.3,68.1,D,0
-12.5787,27.0686,309.2,1.3,1.1,2025-07-13,1318,Aqua,MODIS,57,61.03,297.3,8.8,D,0
-12.5729,25.4617,309.8,1.1,1,2025-07-13,1318,Aqua,MODIS,60,61.03,298.6,6.2,D,0
-12.5714,25.4714,314.1,1.1,1,2025-07-13,1318,Aqua,MODIS,69,61.03,299.4,9.7,D,0
-12.5631,26.5847,310.6,1.2,1.1,2025-07-13,1318,Aqua,MODIS,61,61.03,298,8.4,D,0
-12.5306,27.4941,318.4,1.4,1.2,2025-07-13,1318,Aqua,MODIS,74,61.03,298.9,18.3,D,0
-12.4855,26.0276,311.5,1.1,1.1,2025-07-13,1318,Aqua,MODIS,51,61.03,298.7,7.5,D,0
-12.4852,27.0704,316.9,1.3,1.1,2025-07-13,1318,Aqua,MODIS,72,61.03,297.8,17.3,D,0
-12.4751,25.4401,308.6,1.1,1,2025-07-13,1318,Aqua,MODIS,54,61.03,298.4,5.2,D,0
-12.4635,26.045,311.5,1.2,1.1,2025-07-13,1318,Aqua,MODIS,62,61.03,298.3,8.1,D,0
-12.4531,26.2349,308.8,1.2,1.1,2025-07-13,1318,Aqua,MODIS,54,61.03,298.4,6.1,D,0
-12.4111,25.9157,330.6,1.1,1.1,2025-07-13,1318,Aqua,MODIS,85,61.03,302,28,D,0
-12.4095,25.9258,313.8,1.1,1.1,2025-07-13,1318,Aqua,MODIS,62,61.03,300.9,8.1,D,0
-12.3987,27.0379,313.5,1.3,1.1,2025-07-13,1318,Aqua,MODIS,67,61.03,298.4,12.7,D,0
-12.398,26.5221,311,1.2,1.1,2025-07-13,1318,Aqua,MODIS,36,61.03,299.8,7.4,D,0
-12.3968,27.0497,315.5,1.3,1.1,2025-07-13,1318,Aqua,MODIS,70,61.03,296.9,15,D,0
-12.3963,26.5332,311.4,1.2,1.1,2025-07-13,1318,Aqua,MODIS,38,61.03,299.3,7.1,D,0
-12.3951,25.6608,310.2,1.1,1,2025-07-13,1318,Aqua,MODIS,58,61.03,299.3,6.3,D,0
-12.3936,25.6706,313.8,1.1,1,2025-07-13,1318,Aqua,MODIS,66,61.03,299.8,9.3,D,0
-12.3885,27.2935,316.9,1.4,1.2,2025-07-13,1318,Aqua,MODIS,46,61.03,301.2,14.2,D,0
-12.3878,25.8329,316.7,1.1,1.1,2025-07-13,1318,Aqua,MODIS,71,61.03,301.3,11.1,D,0
-12.3803,27.2796,325.5,1.4,1.2,2025-07-13,1318,Aqua,MODIS,81,61.03,299.7,28,D,0
-12.3784,27.2918,321.2,1.4,1.2,2025-07-13,1318,Aqua,MODIS,74,61.03,299.9,20.1,D,0
-12.3752,26.2706,316.1,1.2,1.1,2025-07-13,1318,Aqua,MODIS,68,61.03,300.4,11.5,D,0
-12.375,26.0247,320.7,1.2,1.1,2025-07-13,1318,Aqua,MODIS,76,61.03,299.4,17.7,D,0
-12.3736,25.9721,313.4,1.1,1.1,2025-07-13,1318,Aqua,MODIS,43,61.03,299.5,7.9,D,0
-12.3733,26.0349,317.4,1.2,1.1,2025-07-13,1318,Aqua,MODIS,72,61.03,299.2,14.1,D,0
-12.3717,26.563,318.9,1.2,1.1,2025-07-13,1318,Aqua,MODIS,62,61.03,303.7,12.4,D,0
-12.3684,26.5681,319.5,1.2,1.1,2025-07-13,1318,Aqua,MODIS,66,61.03,303.8,12.5,D,0
-12.3661,26.2043,312.5,1.2,1.1,2025-07-13,1318,Aqua,MODIS,64,61.03,299.7,9,D,0
-12.3643,25.555,307.1,1.1,1,2025-07-13,1318,Aqua,MODIS,33,61.03,297,3.9,D,0
-12.3507,25.8889,315.5,1.1,1.1,2025-07-13,1318,Aqua,MODIS,45,61.03,301.7,9,D,0
-12.3487,26.7067,319,1.3,1.1,2025-07-13,1318,Aqua,MODIS,65,61.03,301.1,14,D,0
-12.3476,25.9715,323,1.1,1.1,2025-07-13,1318,Aqua,MODIS,78,61.03,300.9,17.7,D,0
-12.3469,26.7178,338.3,1.3,1.1,2025-07-13,1318,Aqua,MODIS,90,61.03,299.8,48.1,D,0
-12.3462,26.7121,325.2,1.3,1.1,2025-07-13,1318,Aqua,MODIS,80,61.03,300.4,23.9,D,0
-12.346,25.9817,315.6,1.1,1.1,2025-07-13,1318,Aqua,MODIS,54,61.03,299.4,10,D,0
-12.3451,27.0463,310.1,1.3,1.1,2025-07-13,1318,Aqua,MODIS,54,61.03,299.2,7.4,D,0
-12.3445,26.7232,315.5,1.3,1.1,2025-07-13,1318,Aqua,MODIS,47,61.03,299.3,11.4,D,0
-12.3227,26.2944,322.5,1.2,1.1,2025-07-13,1318,Aqua,MODIS,78,61.03,301.8,18.5,D,0
-12.3222,26.3597,317.4,1.2,1.1,2025-07-13,1318,Aqua,MODIS,33,61.03,299.4,12.8,D,0
-12.3211,26.305,312.9,1.2,1.1,2025-07-13,1318,Aqua,MODIS,55,61.03,299.5,8,D,0
-12.3169,26.2976,326.4,1.2,1.1,2025-07-13,1318,Aqua,MODIS,81,61.03,299.5,25.7,D,0
-12.3165,27.4903,318.8,1.4,1.2,2025-07-13,1318,Aqua,MODIS,67,61.03,303.4,17.3,D,0
-12.3145,27.5029,316.3,1.4,1.2,2025-07-13,1318,Aqua,MODIS,62,61.03,302,13.6,D,0
-12.3136,27.4966,325.4,1.4,1.2,2025-07-13,1318,Aqua,MODIS,76,61.03,303.4,28.2,D,0
-12.3126,26.3582,317.9,1.2,1.1,2025-07-13,1318,Aqua,MODIS,41,61.03,299.8,13,D,0
-12.3087,26.3508,318.6,1.2,1.1,2025-07-13,1318,Aqua,MODIS,73,61.03,298.9,15.8,D,0
-12.3071,26.3615,329,1.2,1.1,2025-07-13,1318,Aqua,MODIS,83,61.03,300.4,30.9,D,0
-12.2949,26.2505,341.4,1.2,1.1,2025-07-13,1318,Aqua,MODIS,91,61.03,301.5,51,D,0
-12.2894,25.5673,312.5,1.1,1,2025-07-13,1318,Aqua,MODIS,37,61.03,301.6,7.3,D,0
-12.2882,25.6984,315,1.1,1.1,2025-07-13,1318,Aqua,MODIS,68,61.03,300.9,8.9,D,0
-12.2867,25.7083,319.7,1.1,1.1,2025-07-13,1318,Aqua,MODIS,75,61.03,299.7,13.9,D,0
-12.2859,26.4353,318.1,1.2,1.1,2025-07-13,1318,Aqua,MODIS,72,61.03,299.8,14.2,D,0
-12.2854,26.2489,340.7,1.2,1.1,2025-07-13,1318,Aqua,MODIS,91,61.03,300.6,50,D,0
-12.2843,26.446,312.2,1.2,1.1,2025-07-13,1318,Aqua,MODIS,62,61.03,301.3,8.1,D,0
-12.2838,25.9506,309.7,1.1,1.1,2025-07-13,1318,Aqua,MODIS,50,61.03,298.9,6.2,D,0
-12.2824,26.6099,331.3,1.2,1.1,2025-07-13,1318,Aqua,MODIS,85,61.03,299.8,35.6,D,0
-12.2807,26.6209,321.7,1.2,1.1,2025-07-13,1318,Aqua,MODIS,77,61.03,299,20.5,D,0
-12.2641,26.9789,311.8,1.3,1.1,2025-07-13,1318,Aqua,MODIS,61,61.03,299.5,9.4,D,0
-12.2635,25.6132,309.8,1.1,1,2025-07-13,1318,Aqua,MODIS,48,61.03,299.8,4.8,D,0
-12.2622,26.9907,324.9,1.3,1.1,2025-07-13,1318,Aqua,MODIS,80,61.03,300.3,27.5,D,0
-12.2532,26.5191,316.5,1.2,1.1,2025-07-13,1318,Aqua,MODIS,68,61.03,300.8,11.8,D,0
-12.2522,27.1837,315.7,1.3,1.2,2025-07-13,1318,Aqua,MODIS,69,61.03,298.6,15.2,D,0
-12.2514,26.5302,353.3,1.2,1.1,2025-07-13,1318,Aqua,MODIS,97,61.03,302.7,86.3,D,0
-12.2503,27.1957,312.9,1.4,1.2,2025-07-13,1318,Aqua,MODIS,64,61.03,297.9,11.5,D,0
-12.2462,26.0972,321.2,1.2,1.1,2025-07-13,1318,Aqua,MODIS,76,61.03,298.3,18.7,D,0
-12.2446,26.1075,315.7,1.2,1.1,2025-07-13,1318,Aqua,MODIS,69,61.03,299.1,12.4,D,0
-12.2408,26.285,335.2,1.2,1.1,2025-07-13,1318,Aqua,MODIS,88,61.03,300.4,36.6,D,0
-12.233,26.2728,316,1.2,1.1,2025-07-13,1318,Aqua,MODIS,60,61.03,301.7,8.6,D,0
-12.2313,26.2834,321.9,1.2,1.1,2025-07-13,1318,Aqua,MODIS,77,61.03,302.1,15.4,D,0
-12.2161,26.1671,334.1,1.2,1.1,2025-07-13,1318,Aqua,MODIS,87,61.03,300.6,37.8,D,0
-12.2142,26.2422,316.3,1.2,1.1,2025-07-13,1318,Aqua,MODIS,63,61.03,303.3,8.5,D,0
-12.2083,26.1551,331.5,1.2,1.1,2025-07-13,1318,Aqua,MODIS,85,61.03,301.1,33.2,D,0
-12.2067,26.1655,384.3,1.2,1.1,2025-07-13,1318,Aqua,MODIS,100,61.03,304,212.2,D,0
-12.1981,25.9729,314.9,1.1,1.1,2025-07-13,1318,Aqua,MODIS,67,61.03,298.2,10.6,D,0
-12.1965,25.9832,316.9,1.2,1.1,2025-07-13,1318,Aqua,MODIS,71,61.03,298.1,12.7,D,0
-12.9929,25.4819,304.7,1,1,2025-07-14,735,Terra,MODIS,60,61.03,293.3,5.2,D,0
-12.9916,25.4726,305.6,1,1,2025-07-14,735,Terra,MODIS,62,61.03,293.5,5.6,D,0
-12.8942,27.2517,312.5,1.2,1.1,2025-07-14,735,Terra,MODIS,73,61.03,292.6,14.5,D,0
-12.6036,25.7307,305.6,1.1,1,2025-07-14,735,Terra,MODIS,62,61.03,292.6,6.2,D,0
-12.3228,26.2387,306.8,1.1,1,2025-07-14,735,Terra,MODIS,64,61.03,293.7,6.6,D,0
-12.2145,25.8483,303.5,1.1,1,2025-07-14,735,Terra,MODIS,37,61.03,292.5,4.7,D,0
-13.2844,25.9027,315.4,1.3,1.1,2025-07-15,1258,Aqua,MODIS,70,61.03,297.2,13.8,D,0
-13.2654,26.1205,310.7,1.3,1.1,2025-07-15,1258,Aqua,MODIS,61,61.03,293.7,10.2,D,0
-13.2639,26.1317,308.1,1.2,1.1,2025-07-15,1258,Aqua,MODIS,52,61.03,295.5,7.6,D,0
-13.2221,25.5308,319.8,1.4,1.2,2025-07-15,1258,Aqua,MODIS,76,61.03,296.5,19.6,D,0
-13.2213,25.5237,311.8,1.4,1.2,2025-07-15,1258,Aqua,MODIS,48,61.03,297.3,8.9,D,0
-13.2197,25.536,313.9,1.4,1.2,2025-07-15,1258,Aqua,MODIS,68,61.03,296.7,11.5,D,0
-13.2158,26.4158,314.6,1.2,1.1,2025-07-15,1258,Aqua,MODIS,69,61.03,297.7,13.5,D,0
-13.2143,26.4266,313.4,1.2,1.1,2025-07-15,1258,Aqua,MODIS,67,61.03,297,12,D,0
-13.1034,25.4951,319.7,1.4,1.2,2025-07-15,1258,Aqua,MODIS,75,61.03,297.1,21.3,D,0
-13.0606,25.6612,311.9,1.3,1.1,2025-07-15,1258,Aqua,MODIS,64,61.03,297,11.7,D,0
-13.0267,25.6079,333.7,1.3,1.1,2025-07-15,1258,Aqua,MODIS,85,61.03,298.4,43.6,D,0
-13.0267,25.6147,321,1.3,1.1,2025-07-15,1258,Aqua,MODIS,37,61.03,297.6,20.7,D,0
-13.0182,25.6013,317.4,1.3,1.1,2025-07-15,1258,Aqua,MODIS,48,61.03,296.9,16.3,D,0
-13.0166,25.6133,323.7,1.3,1.1,2025-07-15,1258,Aqua,MODIS,79,61.03,296.8,25.7,D,0
-12.9726,26.0947,311,1.2,1.1,2025-07-15,1258,Aqua,MODIS,53,61.03,298.4,8,D,0
-12.9721,25.7156,316.4,1.3,1.1,2025-07-15,1258,Aqua,MODIS,72,61.03,297.2,15.7,D,0
-12.9711,26.1058,309.5,1.2,1.1,2025-07-15,1258,Aqua,MODIS,44,61.03,297.3,6.8,D,0
-12.9709,26.7232,316.3,1.2,1.1,2025-07-15,1258,Aqua,MODIS,71,61.03,298.8,13,D,0
-12.9695,26.7335,314.4,1.1,1.1,2025-07-15,1258,Aqua,MODIS,69,61.03,298.4,11,D,0
-12.9628,26.0933,312.2,1.2,1.1,2025-07-15,1258,Aqua,MODIS,57,61.03,296.8,9.1,D,0
-12.9465,27.3109,312.5,1.1,1,2025-07-15,1258,Aqua,MODIS,64,61.03,298.2,7.2,D,0
-12.9427,26.879,318.3,1.1,1.1,2025-07-15,1258,Aqua,MODIS,74,61.03,298.9,15,D,0
-12.9404,27.2205,308.5,1.1,1,2025-07-15,1258,Aqua,MODIS,52,61.03,298,5,D,0
-12.936,27.3192,309.2,1.1,1,2025-07-15,1258,Aqua,MODIS,34,61.03,298.6,4.4,D,0
-12.9336,27.2694,320.9,1.1,1,2025-07-15,1258,Aqua,MODIS,77,61.03,300.3,14.8,D,0
-12.9232,26.8141,322.5,1.1,1.1,2025-07-15,1258,Aqua,MODIS,78,61.03,297.8,18.7,D,0
-12.9218,26.8242,325,1.1,1.1,2025-07-15,1258,Aqua,MODIS,80,61.03,297.6,21.4,D,0
-12.8978,26.0443,309.2,1.3,1.1,2025-07-15,1258,Aqua,MODIS,58,61.03,298.4,7.2,D,0
-12.8956,26.422,309.1,1.2,1.1,2025-07-15,1258,Aqua,MODIS,57,61.03,297.1,7.5,D,0
-12.8661,27.223,322.3,1.1,1,2025-07-15,1258,Aqua,MODIS,75,61.03,302.5,14.8,D,0
-12.8648,27.2327,334.8,1.1,1,2025-07-15,1258,Aqua,MODIS,88,61.03,301,33.2,D,0
-12.8556,27.2314,333.6,1.1,1,2025-07-15,1258,Aqua,MODIS,87,61.03,299.8,31.6,D,0
-12.75,25.8494,310.8,1.3,1.1,2025-07-15,1258,Aqua,MODIS,64,61.03,297.8,7.9,D,0
-12.7484,25.8608,332.4,1.3,1.1,2025-07-15,1258,Aqua,MODIS,87,61.03,298.5,39.9,D,0
-12.7356,25.7294,310.5,1.3,1.1,2025-07-15,1258,Aqua,MODIS,63,61.03,297.9,8.7,D,0
-12.7301,27.473,330.8,1.1,1,2025-07-15,1258,Aqua,MODIS,85,61.03,301.2,24.9,D,0
-12.7287,27.4824,330.8,1.1,1,2025-07-15,1258,Aqua,MODIS,84,61.03,301.6,24.6,D,0
-12.721,27.4717,317.7,1.1,1,2025-07-15,1258,Aqua,MODIS,59,61.03,301.1,10.1,D,0
-12.7197,27.4812,317.1,1.1,1,2025-07-15,1258,Aqua,MODIS,43,61.03,299.4,8.9,D,0
-12.7043,27.4595,326.6,1.1,1,2025-07-15,1258,Aqua,MODIS,51,61.03,299.2,18.9,D,0
-12.7029,27.469,332.2,1.1,1,2025-07-15,1258,Aqua,MODIS,73,61.03,300.9,26.6,D,0
-12.6947,26.5425,309.1,1.2,1.1,2025-07-15,1258,Aqua,MODIS,58,61.03,297.4,6.5,D,0
-12.6939,27.4677,323.4,1.1,1,2025-07-15,1258,Aqua,MODIS,79,61.03,297.2,17.4,D,0
-12.6818,25.6676,308.1,1.3,1.1,2025-07-15,1258,Aqua,MODIS,56,61.03,297.9,6.7,D,0
-12.6802,26.1478,320.6,1.2,1.1,2025-07-15,1258,Aqua,MODIS,75,61.03,298.8,17.7,D,0
-12.6774,26.1407,318,1.2,1.1,2025-07-15,1258,Aqua,MODIS,61,61.03,298.9,14.4,D,0
-12.6625,26.8417,309.4,1.1,1.1,2025-07-15,1258,Aqua,MODIS,58,61.03,296.2,7.7,D,0
-12.6185,25.7598,317.8,1.3,1.1,2025-07-15,1258,Aqua,MODIS,74,61.03,298,17.5,D,0
-12.5976,25.8389,319.6,1.3,1.1,2025-07-15,1258,Aqua,MODIS,73,61.03,298.8,17.7,D,0
-12.5961,25.8503,315,1.3,1.1,2025-07-15,1258,Aqua,MODIS,56,61.03,296.9,11.9,D,0
-12.5909,27.475,313.3,1.1,1,2025-07-15,1258,Aqua,MODIS,40,61.03,302.2,6.6,D,0
-12.5742,27.467,315.5,1.1,1,2025-07-15,1258,Aqua,MODIS,71,61.03,300.7,9.8,D,0
-12.5728,27.4765,327.8,1.1,1,2025-07-15,1258,Aqua,MODIS,83,61.03,301.6,24.1,D,0
-12.5652,27.4657,333.7,1.1,1,2025-07-15,1258,Aqua,MODIS,87,61.03,301.8,31.1,D,0
-12.5638,27.4752,361.5,1.1,1,2025-07-15,1258,Aqua,MODIS,100,61.03,300.6,93.5,D,0
-12.5355,26.4325,317.1,1.2,1.1,2025-07-15,1258,Aqua,MODIS,66,61.03,300.2,14.1,D,0
-12.5205,27.3225,308.1,1.1,1,2025-07-15,1258,Aqua,MODIS,54,61.03,297.6,5.5,D,0
-12.4963,26.5758,312.8,1.2,1.1,2025-07-15,1258,Aqua,MODIS,62,61.03,298.9,8.7,D,0
-12.4854,26.5849,315.1,1.2,1.1,2025-07-15,1258,Aqua,MODIS,70,61.03,299,11.2,D,0
-12.4847,25.3916,308.8,1.4,1.2,2025-07-15,1258,Aqua,MODIS,57,61.03,297.1,7.9,D,0
-12.4807,27.4076,318.9,1.1,1,2025-07-15,1258,Aqua,MODIS,51,61.03,299.5,12.2,D,0
-12.4712,27.4742,310.4,1.1,1,2025-07-15,1258,Aqua,MODIS,17,61.03,298.7,5,D,0
-12.4622,27.4729,311,1.1,1,2025-07-15,1258,Aqua,MODIS,40,61.03,296.9,6,D,0
-12.4596,25.425,307.8,1.3,1.2,2025-07-15,1258,Aqua,MODIS,52,61.03,297.5,6.9,D,0
-12.458,25.437,311.1,1.3,1.1,2025-07-15,1258,Aqua,MODIS,63,61.03,298.6,10.6,D,0
-12.4509,25.8696,311.7,1.3,1.1,2025-07-15,1258,Aqua,MODIS,42,61.03,299.1,7.8,D,0
-12.4493,26.3164,308.6,1.2,1.1,2025-07-15,1258,Aqua,MODIS,54,61.03,296.6,6.9,D,0
-12.4252,27.2176,318,1.1,1,2025-07-15,1258,Aqua,MODIS,74,61.03,297.8,14.2,D,0
-12.4232,26.0027,318.4,1.2,1.1,2025-07-15,1258,Aqua,MODIS,74,61.03,298.8,16.2,D,0
-12.4206,27.1179,307.9,1.1,1,2025-07-15,1258,Aqua,MODIS,51,61.03,297.3,5,D,0
-12.4159,27.0173,312.4,1.1,1,2025-07-15,1258,Aqua,MODIS,65,61.03,300.4,8.4,D,0
-12.4114,27.1165,307.9,1.1,1,2025-07-15,1258,Aqua,MODIS,51,61.03,297.4,5.1,D,0
-12.4093,27.2644,309.6,1.1,1,2025-07-15,1258,Aqua,MODIS,51,61.03,298.3,5.3,D,0
-12.4079,27.2741,313.5,1.1,1,2025-07-15,1258,Aqua,MODIS,67,61.03,298.6,8.4,D,0
-12.4065,26.2012,308,1.2,1.1,2025-07-15,1258,Aqua,MODIS,40,61.03,297.1,4.9,D,0
-12.404,25.6109,312.5,1.3,1.1,2025-07-15,1258,Aqua,MODIS,65,61.03,298.2,11.5,D,0
-12.4011,25.857,315.3,1.3,1.1,2025-07-15,1258,Aqua,MODIS,26,61.03,302.4,10.6,D,0
-12.3913,25.8556,328.9,1.3,1.1,2025-07-15,1258,Aqua,MODIS,81,61.03,303.8,29.2,D,0
-12.3898,25.867,337.9,1.3,1.1,2025-07-15,1258,Aqua,MODIS,90,61.03,299.2,47.1,D,0
-12.3815,25.8544,318.1,1.3,1.1,2025-07-15,1258,Aqua,MODIS,51,61.03,300.1,12.6,D,0
-12.38,25.8657,325.2,1.3,1.1,2025-07-15,1258,Aqua,MODIS,79,61.03,298.4,23.4,D,0
-12.3742,26.2676,320.6,1.2,1.1,2025-07-15,1258,Aqua,MODIS,76,61.03,300.9,17.7,D,0
-12.3728,26.2783,309.7,1.2,1.1,2025-07-15,1258,Aqua,MODIS,32,61.03,298,6.2,D,0
-12.3694,27.1501,311.7,1.1,1,2025-07-15,1258,Aqua,MODIS,58,61.03,299.7,7.1,D,0
-12.3603,26.1559,307.6,1.2,1.1,2025-07-15,1258,Aqua,MODIS,47,61.03,296.9,6.2,D,0
-12.3588,26.1667,306.8,1.2,1.1,2025-07-15,1258,Aqua,MODIS,38,61.03,296.6,5.4,D,0
-12.3375,27.2475,313.9,1.1,1,2025-07-15,1258,Aqua,MODIS,67,61.03,299.4,9,D,0
-12.3362,27.2571,312.6,1.1,1,2025-07-15,1258,Aqua,MODIS,64,61.03,298,8.2,D,0
-12.3293,25.6297,316.7,1.3,1.1,2025-07-15,1258,Aqua,MODIS,72,61.03,298.3,15.1,D,0
-12.3259,26.476,309.2,1.2,1.1,2025-07-15,1258,Aqua,MODIS,54,61.03,298.4,6.7,D,0
-12.3236,25.7468,310.1,1.3,1.1,2025-07-15,1258,Aqua,MODIS,46,61.03,298.5,6.8,D,0
-12.3206,27.0369,336.7,1.1,1,2025-07-15,1258,Aqua,MODIS,89,61.03,302.2,36.4,D,0
-12.3177,26.3248,323.2,1.2,1.1,2025-07-15,1258,Aqua,MODIS,78,61.03,298.5,19.8,D,0
-12.3127,27.0258,324.3,1.1,1,2025-07-15,1258,Aqua,MODIS,59,61.03,300,18,D,0
-12.3114,27.0356,362.8,1.1,1,2025-07-15,1258,Aqua,MODIS,100,61.03,302.4,100.9,D,0
-12.3082,26.3235,338.5,1.2,1.1,2025-07-15,1258,Aqua,MODIS,90,61.03,299.7,44.9,D,0
-12.3054,25.7326,314.6,1.3,1.1,2025-07-15,1258,Aqua,MODIS,69,61.03,298.9,11.4,D,0
-12.3044,26.2795,313.8,1.2,1.1,2025-07-15,1258,Aqua,MODIS,54,61.03,299.6,7.3,D,0
-12.3026,25.9738,309.9,1.2,1.1,2025-07-15,1258,Aqua,MODIS,50,61.03,296.7,7.2,D,0
-12.2986,26.3222,322.3,1.2,1.1,2025-07-15,1258,Aqua,MODIS,78,61.03,298,18.8,D,0
-12.2839,27.0315,315.7,1.1,1,2025-07-15,1258,Aqua,MODIS,70,61.03,297.8,11.3,D,0
-12.2833,27.1706,316.2,1.1,1,2025-07-15,1258,Aqua,MODIS,71,61.03,298.1,11.9,D,0
-12.279,26.8129,313.5,1.1,1.1,2025-07-15,1258,Aqua,MODIS,66,61.03,299.2,9.1,D,0
-12.2777,26.2255,312.3,1.2,1.1,2025-07-15,1258,Aqua,MODIS,38,61.03,298.5,7.3,D,0
-12.2776,26.8229,323.7,1.1,1.1,2025-07-15,1258,Aqua,MODIS,79,61.03,299.4,20.4,D,0
-12.2762,26.2363,313,1.2,1.1,2025-07-15,1258,Aqua,MODIS,44,61.03,298,8,D,0
-12.2739,26.3231,325.3,1.2,1.1,2025-07-15,1258,Aqua,MODIS,80,61.03,301.1,22.7,D,0
-12.2724,26.3337,318.9,1.2,1.1,2025-07-15,1258,Aqua,MODIS,73,61.03,297.7,14.6,D,0
-12.2681,26.2243,312.7,1.2,1.1,2025-07-15,1258,Aqua,MODIS,39,61.03,300.6,7.8,D,0
-12.2666,26.235,315,1.2,1.1,2025-07-15,1258,Aqua,MODIS,62,61.03,297.2,10.1,D,0
-12.2313,26.2081,318.6,1.2,1.1,2025-07-15,1258,Aqua,MODIS,74,61.03,298.2,15.3,D,0
-12.2298,26.2188,316.3,1.2,1.1,2025-07-15,1258,Aqua,MODIS,70,61.03,298.2,11.8,D,0
-12.2142,26.4748,316.1,1.2,1.1,2025-07-15,1258,Aqua,MODIS,68,61.03,301.3,8.9,D,0
-12.1975,26.733,320.1,1.1,1.1,2025-07-15,1258,Aqua,MODIS,54,61.03,302.2,14.7,D,0