latitude,longitude,bright_ti4,scan,track,acq_date,acq_time,satellite,instrument,confidence,version,bright_ti5,frp,daynight
-13.11267,24.01917,295.52,0.43,0.62,2026-10-06,20,N21,VIIRS,n,2.0NRT,275.69,0.4,N
-13.08819,24.0063,303.98,0.43,0.62,2026-10-06,20,N21,VIIRS,n,2.0NRT,281.81,2.11,N
-13.08604,24.00764,310.49,0.43,0.62,2026-10-06,20,N21,VIIRS,n,2.0NRT,282,1.89,N
-13.0856,24.00371,304.38,0.43,0.62,2026-10-06,20,N21,VIIRS,n,2.0NRT,282.09,1.89,N
-13.08254,24.00701,323.19,0.43,0.62,2026-10-06,20,N21,VIIRS,n,2.0NRT,282.75,2.11,N
-13.08208,24.00309,308.53,0.43,0.62,2026-10-06,20,N21,VIIRS,n,2.0NRT,282.08,2.11,N
-13.07643,24.00381,297.68,0.43,0.62,2026-10-06,20,N21,VIIRS,n,2.0NRT,283.07,1.35,N
-13.06586,23.91458,295.96,0.42,0.61,2026-10-06,20,N21,VIIRS,n,2.0NRT,279.45,1.32,N
-13.05979,23.91148,309.78,0.42,0.61,2026-10-06,20,N21,VIIRS,n,2.0NRT,282.28,1.32,N
-13.05419,23.91221,308.74,0.42,0.61,2026-10-06,20,N21,VIIRS,n,2.0NRT,284.63,2.07,N
-14.63044,25.38393,310.89,0.56,0.68,2026-10-06,22,N21,VIIRS,n,2.0NRT,287.74,2.62,N
-14.62819,25.38643,303.93,0.56,0.69,2026-10-06,22,N21,VIIRS,n,2.0NRT,286.92,1.71,N
-14.6169,27.36397,295.96,0.76,0.77,2026-10-06,22,N21,VIIRS,n,2.0NRT,284.96,1.36,N
-14.53,25.52152,302.89,0.57,0.69,2026-10-06,22,N21,VIIRS,n,2.0NRT,287.23,0.86,N
-14.5267,25.52131,302.78,0.57,0.69,2026-10-06,22,N21,VIIRS,n,2.0NRT,287.03,1.33,N
-13.15428,24.00292,297.23,0.43,0.62,2026-10-06,22,N21,VIIRS,n,2.0NRT,282.51,1.37,N
-13.11607,24.01975,295.67,0.43,0.62,2026-10-06,22,N21,VIIRS,n,2.0NRT,275.69,0.99,N
-14.52094,24.84523,349.37,0.43,0.62,2026-10-06,1115,N21,VIIRS,n,2.0NRT,289.84,13.19,D
-14.4702,24.19642,342.73,0.48,0.65,2026-10-06,1115,N21,VIIRS,n,2.0NRT,292.82,6.22,D
-14.46226,24.15936,330.7,0.48,0.65,2026-10-06,1115,N21,VIIRS,n,2.0NRT,294.1,8.61,D
-14.46175,24.16397,367,0.48,0.65,2026-10-06,1115,N21,VIIRS,h,2.0NRT,294.77,8.61,D
-14.3606,28.06841,342.95,0.52,0.5,2026-10-06,1115,N21,VIIRS,n,2.0NRT,303.46,10.68,D
-14.30182,26.90801,331.94,0.62,0.54,2026-10-06,1115,N21,VIIRS,n,2.0NRT,299.49,5.03,D
-14.23752,27.42596,334.24,0.57,0.52,2026-10-06,1115,N21,VIIRS,n,2.0NRT,298.43,5.16,D
-14.23716,27.42408,334.86,0.57,0.52,2026-10-06,1115,N21,VIIRS,n,2.0NRT,297.97,4.58,D
-14.23336,27.42008,334.87,0.57,0.52,2026-10-06,1115,N21,VIIRS,n,2.0NRT,298.17,9.5,D
-14.23305,27.41823,340.96,0.57,0.52,2026-10-06,1115,N21,VIIRS,n,2.0NRT,298.64,5.69,D
-14.21353,25.51793,352.04,0.39,0.59,2026-10-06,1115,N21,VIIRS,n,2.0NRT,285.24,23.01,D
-14.21312,25.52147,355.58,0.39,0.59,2026-10-06,1115,N21,VIIRS,l,2.0NRT,287.16,24.39,D
-14.20811,25.51726,336.89,0.39,0.59,2026-10-06,1115,N21,VIIRS,n,2.0NRT,283.37,6.79,D
-14.20728,25.52437,330.29,0.39,0.59,2026-10-06,1115,N21,VIIRS,n,2.0NRT,286.73,6.41,D
-14.20186,25.52371,331.83,0.39,0.59,2026-10-06,1115,N21,VIIRS,n,2.0NRT,288.47,6.41,D
-14.19711,28.14601,342.37,0.51,0.49,2026-10-06,1115,N21,VIIRS,n,2.0NRT,306.46,6.44,D
-14.19256,28.14547,348.6,0.51,0.49,2026-10-06,1115,N21,VIIRS,n,2.0NRT,306.42,9.45,D
-14.17178,28.05103,337.16,0.52,0.5,2026-10-06,1115,N21,VIIRS,n,2.0NRT,305.67,31.15,D
-14.1712,28.05584,354.9,0.52,0.5,2026-10-06,1115,N21,VIIRS,n,2.0NRT,312.94,31.15,D
-14.17085,28.05342,354.04,0.52,0.5,2026-10-06,1115,N21,VIIRS,n,2.0NRT,310.07,20.78,D
-14.17023,28.0582,341.25,0.52,0.5,2026-10-06,1115,N21,VIIRS,n,2.0NRT,306.54,20.78,D
-14.14074,27.53984,330.94,0.56,0.52,2026-10-06,1115,N21,VIIRS,n,2.0NRT,272.07,6.62,D
-14.13988,27.06965,336.89,0.6,0.53,2026-10-06,1115,N21,VIIRS,n,2.0NRT,298.24,10.07,D
-14.13361,27.08025,331.93,0.6,0.53,2026-10-06,1115,N21,VIIRS,n,2.0NRT,301.31,7.54,D
-14.13294,27.08579,342.51,0.6,0.53,2026-10-06,1115,N21,VIIRS,n,2.0NRT,301.84,7.54,D
-14.12702,24.09579,334.7,0.48,0.65,2026-10-06,1115,N21,VIIRS,n,2.0NRT,286.59,7.98,D
-14.02731,27.31005,334.8,0.58,0.52,2026-10-06,1115,N21,VIIRS,n,2.0NRT,302.29,2.54,D
-13.97911,25.96998,345.65,0.36,0.57,2026-10-06,1115,N21,VIIRS,n,2.0NRT,284.7,13.34,D
-13.97873,25.97333,367,0.36,0.57,2026-10-06,1115,N21,VIIRS,h,2.0NRT,294.87,22.66,D
-13.97866,25.97148,367,0.36,0.57,2026-10-06,1115,N21,VIIRS,h,2.0NRT,293.99,21.42,D
-13.97835,25.97668,351.77,0.36,0.57,2026-10-06,1115,N21,VIIRS,n,2.0NRT,296.95,22.66,D
-13.97826,25.97482,367,0.36,0.57,2026-10-06,1115,N21,VIIRS,h,2.0NRT,298.55,21.42,D
-13.97797,25.98002,367,0.36,0.57,2026-10-06,1115,N21,VIIRS,h,2.0NRT,296.72,18.96,D
-13.97785,25.97816,355.62,0.36,0.57,2026-10-06,1115,N21,VIIRS,n,2.0NRT,302.3,25.14,D
-13.97759,25.98335,338.97,0.36,0.57,2026-10-06,1115,N21,VIIRS,n,2.0NRT,294.76,18.96,D
-13.97745,25.98149,367,0.36,0.57,2026-10-06,1115,N21,VIIRS,h,2.0NRT,297.81,25.14,D
-13.97382,25.96749,337.48,0.36,0.57,2026-10-06,1115,N21,VIIRS,n,2.0NRT,284.61,7.91,D
-13.97341,25.97083,367,0.36,0.57,2026-10-06,1115,N21,VIIRS,h,2.0NRT,299.38,11.68,D
-13.97301,25.97418,354.72,0.36,0.57,2026-10-06,1115,N21,VIIRS,n,2.0NRT,298.67,11.68,D
-13.9726,25.97753,344,0.36,0.57,2026-10-06,1115,N21,VIIRS,n,2.0NRT,298.27,10.98,D
-13.9722,25.98086,367,0.36,0.57,2026-10-06,1115,N21,VIIRS,h,2.0NRT,294.9,10.98,D
-13.9718,25.98419,343.66,0.36,0.57,2026-10-06,1115,N21,VIIRS,n,2.0NRT,294.37,11.01,D
-13.96856,25.96689,337.74,0.36,0.57,2026-10-06,1115,N21,VIIRS,n,2.0NRT,292.82,7.91,D
-13.96816,25.97024,337.55,0.36,0.57,2026-10-06,1115,N21,VIIRS,n,2.0NRT,295.17,11.68,D
-13.96695,25.98028,343.81,0.36,0.57,2026-10-06,1115,N21,VIIRS,n,2.0NRT,296.17,10.98,D
-13.96655,25.9836,367,0.36,0.57,2026-10-06,1115,N21,VIIRS,h,2.0NRT,296.38,11.01,D
-13.96169,25.97972,337.35,0.36,0.57,2026-10-06,1115,N21,VIIRS,n,2.0NRT,297.05,16.59,D
-13.96129,25.98303,352.79,0.36,0.57,2026-10-06,1115,N21,VIIRS,n,2.0NRT,298.55,14.06,D
-13.95643,27.021,336.94,0.6,0.53,2026-10-06,1115,N21,VIIRS,n,2.0NRT,298.02,5,D
-13.95032,28.09601,336.01,0.51,0.49,2026-10-06,1115,N21,VIIRS,l,2.0NRT,307.88,4.86,D
-13.89492,27.71964,342.96,0.54,0.51,2026-10-06,1115,N21,VIIRS,n,2.0NRT,305.9,8.32,D
-13.84961,28.12646,330.87,0.51,0.49,2026-10-06,1115,N21,VIIRS,l,2.0NRT,304.64,3.78,D
-13.84507,28.12593,331.67,0.51,0.49,2026-10-06,1115,N21,VIIRS,l,2.0NRT,305.79,1.85,D
-13.78256,28.02559,333.51,0.51,0.5,2026-10-06,1115,N21,VIIRS,l,2.0NRT,306.03,4.95,D
-13.7436,28.11582,331.41,0.51,0.49,2026-10-06,1115,N21,VIIRS,l,2.0NRT,304.01,4.2,D
-13.69705,28.10661,335.45,0.51,0.49,2026-10-06,1115,N21,VIIRS,n,2.0NRT,298.04,3.01,D
-13.55724,27.73482,353.06,0.54,0.5,2026-10-06,1115,N21,VIIRS,n,2.0NRT,300.4,17.89,D
-13.5532,27.72928,344.72,0.54,0.5,2026-10-06,1115,N21,VIIRS,n,2.0NRT,299.34,117.25,D
-13.55308,27.73689,349.52,0.53,0.5,2026-10-06,1115,N21,VIIRS,n,2.0NRT,302.56,194.35,D
-13.5528,27.81141,332.85,0.53,0.5,2026-10-06,1115,N21,VIIRS,n,2.0NRT,300.96,7.19,D
-13.55201,27.73911,333.49,0.53,0.5,2026-10-06,1115,N21,VIIRS,n,2.0NRT,297.42,21.87,D
-13.54845,27.73627,344.63,0.53,0.5,2026-10-06,1115,N21,VIIRS,n,2.0NRT,298.06,79.02,D
-13.54798,27.73354,345.99,0.54,0.5,2026-10-06,1115,N21,VIIRS,n,2.0NRT,300.04,117.25,D
-13.53855,27.84904,343.27,0.52,0.5,2026-10-06,1115,N21,VIIRS,n,2.0NRT,304.39,9.13,D
-13.53833,27.85145,343.89,0.53,0.5,2026-10-06,1115,N21,VIIRS,n,2.0NRT,304.54,7.93,D
-13.47484,27.8359,339.62,0.53,0.5,2026-10-06,1115,N21,VIIRS,n,2.0NRT,297.6,9.87,D
-13.31546,27.88053,342.15,0.52,0.5,2026-10-06,1115,N21,VIIRS,n,2.0NRT,297.09,16.19,D
-13.31532,27.87672,338.75,0.52,0.5,2026-10-06,1115,N21,VIIRS,n,2.0NRT,294.68,11.56,D
-13.3147,27.88144,340.83,0.52,0.5,2026-10-06,1115,N21,VIIRS,n,2.0NRT,296.16,14.89,D
-13.18824,26.55919,338.85,0.64,0.54,2026-10-06,1115,N21,VIIRS,n,2.0NRT,285.32,20.11,D
-13.18661,26.0306,339.29,0.35,0.56,2026-10-06,1115,N21,VIIRS,n,2.0NRT,291.87,3.78,D
-13.18324,26.55862,351.16,0.64,0.54,2026-10-06,1115,N21,VIIRS,n,2.0NRT,284.4,20.11,D
-13.12695,25.12661,337.97,0.4,0.6,2026-10-06,1115,N21,VIIRS,n,2.0NRT,289.11,6.13,D
-13.12646,25.12575,343.31,0.4,0.6,2026-10-06,1115,N21,VIIRS,n,2.0NRT,290.59,5.86,D
-13.06711,25.82713,354.65,0.36,0.57,2026-10-06,1115,N21,VIIRS,n,2.0NRT,297.42,19.28,D
-13.0096,26.43517,338.19,0.32,0.55,2026-10-06,1115,N21,VIIRS,n,2.0NRT,297.91,4,D
-12.99247,26.49227,342.6,0.32,0.55,2026-10-06,1115,N21,VIIRS,n,2.0NRT,297.94,3.49,D
-12.97121,26.29552,331.09,0.33,0.55,2026-10-06,1115,N21,VIIRS,n,2.0NRT,300.57,5.5,D
-12.96591,27.4626,332.28,0.55,0.51,2026-10-06,1115,N21,VIIRS,n,2.0NRT,287.31,8.1,D
-12.94586,26.41616,342.84,0.32,0.55,2026-10-06,1115,N21,VIIRS,n,2.0NRT,294.54,5.2,D
-12.944,26.30749,336.89,0.33,0.55,2026-10-06,1115,N21,VIIRS,n,2.0NRT,297.02,2.95,D
-12.94365,27.31784,345,0.56,0.51,2026-10-06,1115,N21,VIIRS,n,2.0NRT,285.89,68.5,D
-12.93892,27.3173,347.52,0.56,0.51,2026-10-06,1115,N21,VIIRS,n,2.0NRT,280.64,19.97,D
-12.84563,27.01667,330.52,0.59,0.52,2026-10-06,1115,N21,VIIRS,n,2.0NRT,289.9,13,D
-12.83364,26.03724,338.28,0.34,0.56,2026-10-06,1115,N21,VIIRS,n,2.0NRT,298.05,3.03,D
-12.81963,25.48856,340.19,0.37,0.58,2026-10-06,1115,N21,VIIRS,n,2.0NRT,292.31,4.27,D
-12.68239,26.11991,332.2,0.34,0.56,2026-10-06,1115,N21,VIIRS,n,2.0NRT,298.91,5.01,D
-12.64031,27.5291,347.4,0.54,0.51,2026-10-06,1115,N21,VIIRS,n,2.0NRT,296.09,10.94,D
-12.63081,26.32506,339.61,0.32,0.55,2026-10-06,1115,N21,VIIRS,n,2.0NRT,299.51,2.77,D
-12.60644,26.14766,350.67,0.33,0.56,2026-10-06,1115,N21,VIIRS,n,2.0NRT,293.37,9.59,D
-12.60607,26.15069,351.83,0.33,0.55,2026-10-06,1115,N21,VIIRS,n,2.0NRT,292.92,10.66,D
-12.56515,27.11707,348.18,0.57,0.52,2026-10-06,1115,N21,VIIRS,n,2.0NRT,295.48,17.53,D
-12.56468,27.11407,344.51,0.57,0.52,2026-10-06,1115,N21,VIIRS,n,2.0NRT,295.89,13.06,D
-12.56401,27.11926,338.6,0.57,0.52,2026-10-06,1115,N21,VIIRS,n,2.0NRT,294.55,9.76,D
-12.51632,25.1182,350.14,0.39,0.59,2026-10-06,1115,N21,VIIRS,n,2.0NRT,295.26,9.8,D
-12.5081,26.1622,332.02,0.33,0.55,2026-10-06,1115,N21,VIIRS,n,2.0NRT,294.68,3.1,D
-12.49731,27.11088,342.34,0.57,0.52,2026-10-06,1115,N21,VIIRS,n,2.0NRT,300.82,43.82,D
-14.68167,27.73577,367,0.58,0.7,2026-10-07,1053,N21,VIIRS,h,2.0NRT,291.6,13.19,D
-14.6796,27.73702,354.74,0.58,0.7,2026-10-07,1053,N21,VIIRS,n,2.0NRT,293.11,11.68,D
-14.62423,27.20955,330.36,0.63,0.72,2026-10-07,1053,N21,VIIRS,n,2.0NRT,295.58,7.28,D
-14.62215,27.21255,345.82,0.63,0.72,2026-10-07,1053,N21,VIIRS,n,2.0NRT,298.05,9.33,D
-14.50286,26.91115,333.68,0.66,0.73,2026-10-07,1053,N21,VIIRS,n,2.0NRT,297.98,7.07,D
-14.0126,27.14275,338.72,0.63,0.72,2026-10-07,1056,N21,VIIRS,n,2.0NRT,287.3,11.3,D
-14.01079,27.14567,340.43,0.63,0.72,2026-10-07,1056,N21,VIIRS,n,2.0NRT,288.43,10.6,D
-13.66862,28.0491,345.96,0.54,0.68,2026-10-07,1056,N21,VIIRS,n,2.0NRT,298.76,7.56,D
-13.66717,28.0498,352.6,0.54,0.68,2026-10-07,1056,N21,VIIRS,n,2.0NRT,298.85,10.96,D
-13.66242,28.0483,336.75,0.54,0.68,2026-10-07,1056,N21,VIIRS,n,2.0NRT,297.71,7.56,D
-13.31418,27.72116,341.49,0.56,0.69,2026-10-07,1056,N21,VIIRS,n,2.0NRT,291.77,10.81,D
-13.31072,27.7247,331.38,0.56,0.69,2026-10-07,1056,N21,VIIRS,n,2.0NRT,288.72,6.39,D
-13.24349,27.05163,331.76,0.62,0.72,2026-10-07,1056,N21,VIIRS,n,2.0NRT,290.33,12.61,D
-13.19903,27.40294,347.03,0.59,0.7,2026-10-07,1056,N21,VIIRS,n,2.0NRT,297.02,7.99,D
-13.18678,27.65701,336.13,0.57,0.69,2026-10-07,1056,N21,VIIRS,n,2.0NRT,297.04,6.12,D
-13.11193,28.01255,335.63,0.53,0.67,2026-10-07,1056,N21,VIIRS,n,2.0NRT,295.34,7.77,D
-13.09237,27.48923,355.14,0.58,0.7,2026-10-07,1056,N21,VIIRS,n,2.0NRT,297.2,14.4,D
-13.09054,27.48845,367,0.58,0.7,2026-10-07,1056,N21,VIIRS,h,2.0NRT,297.18,16.61,D
-13.01214,27.78998,333.12,0.55,0.68,2026-10-07,1056,N21,VIIRS,n,2.0NRT,295.58,4.37,D
-12.92467,27.90738,336.45,0.54,0.68,2026-10-07,1056,N21,VIIRS,n,2.0NRT,297.28,5.74,D
-12.89273,27.76101,333.04,0.55,0.68,2026-10-07,1056,N21,VIIRS,n,2.0NRT,294.54,4.55,D
-12.84579,27.4404,345.86,0.58,0.7,2026-10-07,1056,N21,VIIRS,n,2.0NRT,294.87,8.82,D
-12.73851,27.84918,333.62,0.54,0.68,2026-10-07,1056,N21,VIIRS,n,2.0NRT,294.87,3.56,D
-14.48357,24.16226,343.65,0.38,0.59,2026-10-07,1236,N21,VIIRS,n,2.0NRT,304.59,5.23,D
-14.39996,27.34023,343.49,0.62,0.72,2026-10-07,1236,N21,VIIRS,n,2.0NRT,291.46,11.66,D
-14.39887,27.34221,343.89,0.62,0.71,2026-10-07,1236,N21,VIIRS,n,2.0NRT,292.12,16.37,D
-13.74683,24.30853,339.91,0.4,0.6,2026-10-07,1236,N21,VIIRS,n,2.0NRT,297.99,4.77,D
-13.74664,24.30826,339.96,0.4,0.6,2026-10-07,1236,N21,VIIRS,n,2.0NRT,298.54,7.03,D
-13.64391,24.01738,367,0.39,0.59,2026-10-07,1236,N21,VIIRS,h,2.0NRT,303.53,19.69,D
-13.59504,24.472,336.11,0.42,0.61,2026-10-07,1236,N21,VIIRS,n,2.0NRT,297.63,6.26,D
-13.59343,24.47452,331.01,0.42,0.61,2026-10-07,1236,N21,VIIRS,n,2.0NRT,297.35,8.64,D
-13.48092,24.09468,343.98,0.39,0.6,2026-10-07,1236,N21,VIIRS,n,2.0NRT,300.73,11.84,D
-13.48021,24.09828,337.3,0.39,0.6,2026-10-07,1236,N21,VIIRS,n,2.0NRT,300.09,8.35,D
-13.47479,24.09716,341.52,0.39,0.6,2026-10-07,1236,N21,VIIRS,n,2.0NRT,304.91,8.35,D
-13.47362,24.09636,335.83,0.4,0.6,2026-10-07,1236,N21,VIIRS,n,2.0NRT,303.54,8.54,D
-13.45813,23.88588,338.51,0.38,0.59,2026-10-07,1236,N21,VIIRS,n,2.0NRT,290.34,10.92,D
-13.41106,24.12788,332,0.4,0.6,2026-10-07,1236,N21,VIIRS,l,2.0NRT,303.55,11.18,D
-13.4063,24.12328,347.23,0.4,0.6,2026-10-07,1236,N21,VIIRS,n,2.0NRT,302.87,15.32,D
-12.9251,27.9989,330.36,0.73,0.76,2026-10-07,1236,N21,VIIRS,n,2.0NRT,291.26,3.85,D
-12.7777,25.81212,351.32,0.53,0.67,2026-10-07,1236,N21,VIIRS,n,2.0NRT,295.55,14.81,D
-12.77745,25.81419,367,0.53,0.67,2026-10-07,1236,N21,VIIRS,h,2.0NRT,296.8,14.41,D
-12.77671,25.81688,328.12,0.53,0.67,2026-10-07,1236,N21,VIIRS,n,2.0NRT,296.32,9.18,D
-12.64683,27.96024,336.88,0.74,0.76,2026-10-07,1236,N21,VIIRS,n,2.0NRT,291.05,9.1,D
-12.64563,27.96152,337,0.74,0.76,2026-10-07,1236,N21,VIIRS,n,2.0NRT,291.58,6.16,D