latitude,longitude,brightness,scan,track,acq_date,acq_time,satellite,instrument,confidence,version,bright_t31,frp,daynight
-14.98642,27.20174,320.08,1.02,1.01,2026-10-01,1408,Aqua,MODIS,76,6.1NRT,297.45,13.07,D
-14.73616,27.39375,312.65,1.03,1.01,2026-10-01,1408,Aqua,MODIS,66,6.1NRT,298.54,6,D
-14.49398,26.9082,321.12,1.01,1,2026-10-01,1408,Aqua,MODIS,77,6.1NRT,298.68,12.82,D
-14.28409,26.95511,307.48,1.01,1.01,2026-10-01,1408,Aqua,MODIS,39,6.1NRT,295.13,2.4,D
-14.21566,27.58751,308.33,1.05,1.02,2026-10-01,1408,Aqua,MODIS,55,6.1NRT,294.45,5.56,D
-14.89497,26.82381,301.73,1,1,2026-10-02,1900,Terra,MODIS,44,6.1NRT,287.77,5.84,N
-14.89371,26.83288,305.43,1,1,2026-10-02,1900,Terra,MODIS,64,6.1NRT,288.1,8,N
-14.66122,27.70244,302.92,1.04,1.02,2026-10-02,1900,Terra,MODIS,52,6.1NRT,289.39,6.21,N
-15.22944,27.0563,316.17,1.73,1.29,2026-10-03,1344,Aqua,MODIS,53,6.1NRT,304.36,11.31,D
-15.01508,28.17161,317.43,1.43,1.18,2026-10-03,1344,Aqua,MODIS,56,6.1NRT,304.36,12.76,D
-14.86764,27.3891,325.71,1.62,1.25,2026-10-03,1344,Aqua,MODIS,75,6.1NRT,307.95,26.41,D
-14.86557,27.38192,319.84,1.62,1.25,2026-10-03,1344,Aqua,MODIS,58,6.1NRT,307.28,13.09,D
-14.43662,27.43001,324.84,1.58,1.24,2026-10-03,1344,Aqua,MODIS,65,6.1NRT,304.26,28.28,D
-14.43479,27.44419,320.58,1.58,1.24,2026-10-03,1344,Aqua,MODIS,36,6.1NRT,303,20.06,D
-15.11121,27.69618,325.32,1.17,1.08,2026-10-04,629,Terra,MODIS,79,6.1NRT,299.97,20.93,D
-15.10956,27.68552,344.16,1.17,1.08,2026-10-04,629,Terra,MODIS,92,6.1NRT,301.14,55.89,D
-14.76517,27.38186,328.48,1.23,1.1,2026-10-04,629,Terra,MODIS,82,6.1NRT,300.52,26.14,D
-14.76342,27.37075,320.13,1.23,1.1,2026-10-04,629,Terra,MODIS,73,6.1NRT,299.94,13.79,D
-14.68405,27.39003,320.49,1.23,1.1,2026-10-04,629,Terra,MODIS,74,6.1NRT,298.71,15.28,D
-14.68231,27.37892,313.35,1.24,1.1,2026-10-04,629,Terra,MODIS,60,6.1NRT,298.88,7,D
-14.47631,28.12495,316.97,1.14,1.06,2026-10-04,629,Terra,MODIS,71,6.1NRT,294.29,11.78,D
-15.20533,26.86314,320.95,1.49,1.21,2026-10-04,1422,Aqua,MODIS,66,6.1NRT,304.66,18.39,D
-14.93026,27.4758,318.84,1.67,1.27,2026-10-04,1422,Aqua,MODIS,63,6.1NRT,305.82,11.84,D
-14.92302,27.58335,319.9,1.7,1.28,2026-10-04,1422,Aqua,MODIS,66,6.1NRT,304.96,16.24,D
-14.92179,27.59332,324.44,1.71,1.28,2026-10-04,1422,Aqua,MODIS,73,6.1NRT,304.56,26.07,D
-14.92035,27.59867,319.61,1.71,1.28,2026-10-04,1422,Aqua,MODIS,65,6.1NRT,304.38,16.64,D
-14.89696,26.91228,316.44,1.53,1.22,2026-10-04,1422,Aqua,MODIS,53,6.1NRT,303.02,13.11,D
-14.81762,27.18578,318.22,1.6,1.25,2026-10-04,1422,Aqua,MODIS,62,6.1NRT,306.46,10.66,D
-14.80121,28.09875,316.86,1.87,1.34,2026-10-04,1422,Aqua,MODIS,57,6.1NRT,302.14,15.65,D
-14.79833,28.11554,323.45,1.88,1.34,2026-10-04,1422,Aqua,MODIS,74,6.1NRT,302.98,31.31,D
-14.49641,27.44397,323.73,1.69,1.28,2026-10-04,1422,Aqua,MODIS,74,6.1NRT,304.92,26.03,D
-14.33956,26.6643,317.25,1.5,1.21,2026-10-04,1422,Aqua,MODIS,61,6.1NRT,303.75,11.61,D